host,sitemap_url,tier1_status,tier2_status,loc_count,is_index,reachable,outcome
writingprogram.college.harvard.edu,https://writingprogram.college.harvard.edu/wp-sitemap.xml,200,200,5,True,True,tier1_ok
firstyearseminarprogram.college.harvard.edu,https://firstyearseminarprogram.college.harvard.edu/wp-sitemap.xml,200,200,6,True,True,tier1_ok
gened.college.harvard.edu,https://gened.college.harvard.edu/wp-sitemap.xml,200,200,4,True,True,tier1_ok
oie.fas.harvard.edu,https://oie.fas.harvard.edu/sitemap.xml,403,200,1179,False,True,needed_tier2
placement.college.harvard.edu,https://placement.college.harvard.edu/wp-sitemap.xml,200,200,3,True,True,tier1_ok
courses.my.harvard.edu,https://courses.my.harvard.edu/sitemap.xml,200,200,0,False,True,tier1_ok
handbook.college.harvard.edu,https://handbook.college.harvard.edu/sitemap.xml,403,200,3,False,True,needed_tier2
archaeology.harvard.edu,https://archaeology.harvard.edu/sitemap.xml,403,200,521,False,True,needed_tier2
celtic.fas.harvard.edu,https://celtic.fas.harvard.edu/sitemap.xml,403,200,177,False,True,needed_tier2
edsecondary.fas.harvard.edu,https://edsecondary.fas.harvard.edu/sitemap.xml,403,200,381,False,True,needed_tier2
emr.fas.harvard.edu,https://emr.fas.harvard.edu/wp-sitemap.xml,200,200,7,True,True,tier1_ok
ces.fas.harvard.edu,https://ces.fas.harvard.edu/wp-sitemap.xml,404,404,,,False,no_sitemap
ghhp.fas.harvard.edu,https://ghhp.fas.harvard.edu/sitemap.xml,403,200,474,False,True,needed_tier2
medieval.fas.harvard.edu,https://medieval.fas.harvard.edu/sitemap.xml,403,200,1523,False,True,needed_tier2
msi.harvard.edu,https://msi.harvard.edu/sitemap.xml,403,200,105,False,True,needed_tier2
mbb.harvard.edu,https://mbb.harvard.edu/sitemap.xml,403,200,986,False,True,needed_tier2
daviscenter.fas.harvard.edu,https://daviscenter.fas.harvard.edu/wp-sitemap.xml,404,404,,,False,no_sitemap
uraf.harvard.edu,https://uraf.harvard.edu/sitemap.xml,403,200,436,False,True,needed_tier2
oue.fas.harvard.edu,https://oue.fas.harvard.edu/wp-sitemap.xml,200,200,8,True,True,tier1_ok
incomingstudents.college.harvard.edu,https://incomingstudents.college.harvard.edu/sitemap.xml,403,200,30,False,True,needed_tier2
advising.college.harvard.edu,https://advising.college.harvard.edu/wp-sitemap.xml,200,200,6,True,True,tier1_ok
academicresourcecenter.harvard.edu,https://academicresourcecenter.harvard.edu/wp-sitemap.xml,200,200,7,True,True,tier1_ok
registrar.fas.harvard.edu,https://registrar.fas.harvard.edu/sitemap.xml,403,200,881,False,True,needed_tier2
qrd.college.harvard.edu,https://qrd.college.harvard.edu/wp-sitemap.xml,200,200,4,True,True,tier1_ok
language.fas.harvard.edu,https://language.fas.harvard.edu/sitemap.xml,403,200,25,False,True,needed_tier2
writingcenter.fas.harvard.edu,https://writingcenter.fas.harvard.edu/sitemap.xml,403,200,95,False,True,needed_tier2
oaisc.fas.harvard.edu,https://oaisc.fas.harvard.edu/wp-sitemap.xml,200,200,5,True,True,tier1_ok
dao.fas.harvard.edu,https://dao.fas.harvard.edu/wp-sitemap.xml,200,200,6,True,True,tier1_ok
library.harvard.edu,https://library.harvard.edu/sitemap.xml,200,200,258,False,True,tier1_ok
careerservices.fas.harvard.edu,https://careerservices.fas.harvard.edu/wp-sitemap.xml,404,404,,,False,no_sitemap
www.hio.harvard.edu,https://www.hio.harvard.edu/wp-sitemap.xml,404,404,,,False,no_sitemap
engagedscholarship.fas.harvard.edu,https://engagedscholarship.fas.harvard.edu/wp-sitemap.xml,200,200,5,True,True,tier1_ok
publicservice.fas.harvard.edu,https://publicservice.fas.harvard.edu/sitemap.xml,403,200,939,False,True,needed_tier2
lpce.college.harvard.edu,https://lpce.college.harvard.edu/sitemap.xml,200,200,8,True,True,tier1_ok
ofa.fas.harvard.edu,https://ofa.fas.harvard.edu/sitemap.xml,403,200,1081,False,True,needed_tier2
dso.college.harvard.edu,https://dso.college.harvard.edu/sitemap.xml,403,200,818,False,True,needed_tier2
iop.harvard.edu,https://iop.harvard.edu/sitemap.xml,200,200,4,True,True,tier1_ok
summerfunding.college.harvard.edu,https://summerfunding.college.harvard.edu/sitemap.xml,403,200,131,False,True,needed_tier2
college.harvard.edu,https://college.harvard.edu/sitemap.xml,200,200,2,True,True,tier1_ok
collegehousing.fas.harvard.edu,https://collegehousing.fas.harvard.edu/wp-sitemap.xml,200,200,4,True,True,tier1_ok
seo.harvard.edu,https://seo.harvard.edu/sitemap.xml,403,200,184,False,True,needed_tier2
aaas.fas.harvard.edu,https://aaas.fas.harvard.edu/sitemap.xml,403,200,1403,False,True,needed_tier2
anthropology.fas.harvard.edu,https://anthropology.fas.harvard.edu/sitemap.xml,403,200,831,False,True,needed_tier2
afvs.fas.harvard.edu,https://afvs.fas.harvard.edu/sitemap.xml,403,200,805,False,True,needed_tier2
astronomy.fas.harvard.edu,https://astronomy.fas.harvard.edu/sitemap.xml,403,200,1237,False,True,needed_tier2
www.mcb.harvard.edu,https://www.mcb.harvard.edu/sitemap_index.xml,200,200,14,True,True,tier1_ok
www.chemistry.harvard.edu,https://www.chemistry.harvard.edu/sitemap.xml,403,200,2,True,True,needed_tier2
classics.fas.harvard.edu,https://classics.fas.harvard.edu/sitemap.xml,403,200,549,False,True,needed_tier2
complit.fas.harvard.edu,https://complit.fas.harvard.edu/wp-sitemap.xml,200,200,29,True,True,tier1_ok
studyofreligion.fas.harvard.edu,https://studyofreligion.fas.harvard.edu/wp-sitemap.xml,200,200,9,True,True,tier1_ok
csadvising.seas.harvard.edu,https://csadvising.seas.harvard.edu/sitemap.xml,200,200,38,False,True,tier1_ok
eps.harvard.edu,https://eps.harvard.edu/sitemap_index.xml,200,200,13,True,True,tier1_ok
eas.fas.harvard.edu,https://eas.fas.harvard.edu/sitemap.xml,403,200,93,False,True,needed_tier2
www.economics.harvard.edu,https://www.economics.harvard.edu/sitemap.xml,403,200,3,True,True,needed_tier2
english.fas.harvard.edu,https://english.fas.harvard.edu/sitemap.xml,403,200,1635,False,True,needed_tier2
espp.fas.harvard.edu,https://espp.fas.harvard.edu/sitemap.xml,403,200,458,False,True,needed_tier2
folkmyth.fas.harvard.edu,https://folkmyth.fas.harvard.edu/sitemap.xml,403,200,151,False,True,needed_tier2
german.fas.harvard.edu,https://german.fas.harvard.edu/sitemap.xml,403,200,433,False,True,needed_tier2
www.gov.harvard.edu,https://www.gov.harvard.edu/wp-sitemap.xml,200,200,16,True,True,tier1_ok
history.fas.harvard.edu,https://history.fas.harvard.edu/sitemap.xml,403,200,3,True,True,needed_tier2
histlit.fas.harvard.edu,https://histlit.fas.harvard.edu/sitemap.xml,403,200,830,False,True,needed_tier2
histsci.fas.harvard.edu,https://histsci.fas.harvard.edu/sitemap.xml,403,200,865,False,True,needed_tier2
haa.fas.harvard.edu,https://haa.fas.harvard.edu/sitemap.xml,403,200,2,True,True,needed_tier2
hscrb.harvard.edu,https://hscrb.harvard.edu/sitemap.xml,200,200,13,True,True,tier1_ok
heb.fas.harvard.edu,https://heb.fas.harvard.edu/sitemap.xml,403,200,446,False,True,needed_tier2
scienceeducation.fas.harvard.edu,https://scienceeducation.fas.harvard.edu/sitemap.xml,403,200,2,True,True,needed_tier2
linguistics.fas.harvard.edu,https://linguistics.fas.harvard.edu/sitemap.xml,403,200,1833,False,True,needed_tier2
www.math.harvard.edu,https://www.math.harvard.edu/sitemap.xml,200,200,15,True,True,tier1_ok
music.fas.harvard.edu,https://music.fas.harvard.edu/sitemap.xml,403,200,463,False,True,needed_tier2
nelc.fas.harvard.edu,https://nelc.fas.harvard.edu/sitemap.xml,403,200,1687,False,True,needed_tier2
philosophy.fas.harvard.edu,https://philosophy.fas.harvard.edu/sitemap.xml,403,200,976,False,True,needed_tier2
www.physics.harvard.edu,https://www.physics.harvard.edu/sitemap.xml,403,200,840,False,True,needed_tier2
undergrad.psychology.fas.harvard.edu,https://undergrad.psychology.fas.harvard.edu/sitemap.xml,403,200,1755,False,True,needed_tier2
rll.fas.harvard.edu,https://rll.fas.harvard.edu/sitemap.xml,403,200,441,False,True,needed_tier2
seas.harvard.edu,https://seas.harvard.edu/sitemap.xml,200,200,3,True,True,tier1_ok
slavic.fas.harvard.edu,https://slavic.fas.harvard.edu/sitemap.xml,403,200,1079,False,True,needed_tier2
socialstudies.fas.harvard.edu,https://socialstudies.fas.harvard.edu/sitemap.xml,403,200,269,False,True,needed_tier2
sociology.fas.harvard.edu,https://sociology.fas.harvard.edu/sitemap.xml,403,200,2,True,True,needed_tier2
sas.fas.harvard.edu,https://sas.fas.harvard.edu/wp-sitemap.xml,200,200,6,True,True,tier1_ok
specialconcentrations.fas.harvard.edu,https://specialconcentrations.fas.harvard.edu/sitemap.xml,403,200,184,False,True,needed_tier2
statistics.fas.harvard.edu,https://statistics.fas.harvard.edu/sitemap.xml,403,200,2,True,True,needed_tier2
wgs.fas.harvard.edu,https://wgs.fas.harvard.edu/sitemap.xml,403,200,1038,False,True,needed_tier2
tdm.fas.harvard.edu,https://tdm.fas.harvard.edu/sitemap.xml,403,200,1454,False,True,needed_tier2
